Concept,Status,Discipline (current),Discipline (proposed),Object (current),Object (proposed),Work (current),Work (proposed),DeliverableType (current),DeliverableType (proposed),LifecycleStage (current),LifecycleStage (proposed),Aliases (current),Aliases (add),Flag,Rationale
"Additional Engineering Management Works",DEVELOPER_MODIFIED,project_management,,project_management,,coordination,,,assessment,stage_3,,,"EW-001 Engineering Management Works",NEEDS YOUR CALL,"Own activities span a Hazard Log + Class 3 Risk Assessment and BWIC coordination - no single document type fits cleanly. 'assessment' is the closest canonical id but not certain; could also stay null."
"Additional Ground Investigation",DEVELOPER_MODIFIED,ground_investigation,,,,inspection,,report,,stage_3,,"Ground Investigation Report; GIR",,TAXONOMY GAP,"No engineeringObject id for 'ground investigation' exists in ENGINEERING_OBJECT_RULES - it only exists as a discipline/work-package. Leaving null is correct under the current vocabulary; would need a new object id added to fill this."
"Additional Structural Works",DEVELOPER_MODIFIED,structural,,,,coordination,,,,stage_3,,"EW-001 Structural Change Coordination",,NO CHANGE,"Object was already deliberately cleared by a prior reviewer - real activities span 6 unrelated physical objects (link bridge, masonry supports, cantilever screen, transfer slab, shower recess, ambulance bay retracking). Forcing one object would be false precision. DeliverableType is similarly a mix of reviews/confirmations, no single doc type - correctly left null."
"Ambulance Bay Canopy",DEVELOPER_MODIFIED,structural,,steelwork,,detailing,,drawing,,stage_3,,,"Secondary Steelwork - Ambulance Bay Canopy Drawings",LOW-RISK FILL,"Alias only. Own record: 'Secondary steelwork drawings - Ambulance bay canopy' drawing production/review/reissue/acceptance chain."
"Architectural Setting Out",DEVELOPER_MODIFIED,project_management,architecture,project_management,,detailing,,drawing,,stage_3,,,"Setting Out of Upstands & Slab Edges",NEEDS YOUR CALL,"Discipline/object are both 'project_management' only because the deliverable sits in the 'GET Milestones' fragnet - but the actual evidenced work ('GET - Architectural Setting out of Upstands & Slab Edges') is architectural setting-out, not project management. 'architecture' IS a valid taxonomy discipline id (contrary to an assumption made elsewhere in this dataset), so recommend correcting discipline to architecture. No clean single object fits (upstands + slab edges span more than one component) - recommend leaving object as-is pending your view."
"BWIC",DEVELOPER_MODIFIED,project_management,,project_management,,coordination,,milestone,,stage_3,,"Builders Work in Connection",,NO CHANGE,"Fully specified and genuinely a project-management coordination marker."
"CE-015 GL6 Foundation Alteration Feasibility",DEVELOPER_MODIFIED,structural,,foundations,,design,,,assessment,stage_3,,"CE-015; GL6 Foundation Feasibility",,LOW-RISK FILL,"Concept name itself says 'Feasibility' - a feasibility study is best represented by the 'assessment' deliverableType id. Medium confidence."
"Ceilings",DEVELOPER_MODIFIED,structural,,steelwork,,detailing,,drawing,,stage_3,,"Theatre Ceilings",,NO CHANGE,"Fully specified, own drawing production/review/reissue/acceptance chain evidenced."
"Contract Award",DEVELOPER_MODIFIED,project_management,,project_management,,milestone,,milestone,,stage_3,,"Contract Award Confirmation",,NO CHANGE,"Fully specified, single gateway event."
"Design (Developed Design Report - MEP)",DEVELOPER_MODIFIED,mechanical,,mechanical_systems,,design,,report,,developed_design,stage_3,"developed design report; mep report; riba stage report; design report; stage report; building services report",,CORRECTION,"'developed_design' is not a real taxonomy lifecycleStage id (only ifc/commissioning/construction/stage_4/stage_3/stage_2/concept exist). Recommend stage_3 for consistency with how 'Detailed Design' already maps, and with the Developed Design Drawing/Schedule/Schematics family below."
"Design Schematics (New Design Schematics - Mechanical)",DEVELOPER_MODIFIED,mechanical,,mechanical_systems,,design,,drawing,,stage_2,,"mep schematics; building services schematics; schematic design; concept design; concept drawings; mep design schematics",,NO CHANGE,"Fully specified; stage_2 (concept/schematic stage) is correct and canonical."
"Detailed Design (core)",DEVELOPER_MODIFIED,structural,,core,,design,,,drawing,stage_3,,,"Detailed Design - Core",LOW-RISK FILL,"deliverableType inferred from the sibling 'Detailed Design (steelwork)' entry, which already carries deliverableType=drawing for the same 'Detailed Design (object)' naming family."
"Detailed Design (drainage)",DEVELOPER_MODIFIED,civil,,drainage,,design,,,drawing,stage_3,,,"Detailed Design - Drainage",LOW-RISK FILL,"Same sibling-consistency inference as Detailed Design (core)."
"Detailed Design (foundations)",DEVELOPER_MODIFIED,structural,,foundations,,design,,,drawing,stage_3,,,"Detailed Design - Foundations",LOW-RISK FILL,"Same sibling-consistency inference as Detailed Design (core)."
"Detailed Design (link bridge)",DEVELOPER_MODIFIED,structural,,link_bridge,,design,,,drawing,stage_3,,,"Detailed Design - Link Bridge",LOW-RISK FILL,"Same sibling-consistency inference as Detailed Design (core)."
"Detailed Design (slabs, Level 9)",DEVELOPER_MODIFIED,structural,,slabs,,design,,,drawing,stage_3,,"(already has aliases)",,LOW-RISK FILL,"Same sibling-consistency inference as Detailed Design (core); aliases already present, no addition needed."
"Detailed Design (steelwork)",DEVELOPER_MODIFIED,structural,,steelwork,,design,,drawing,,stage_3,,"(already has aliases)",,NO CHANGE,"Fully specified - this is the reference sibling used to fill the rest of the Detailed Design family."
"Detailed Design (walls/slabs, Level 7)",DEVELOPER_MODIFIED,structural,,slabs,,design,,,drawing,stage_3,,"(already has aliases)",,LOW-RISK FILL,"Same sibling-consistency inference as Detailed Design (core); aliases already present."
"Developed Design Drawing - Electrical",DEVELOPER_APPROVED,electrical,,electrical_systems,,design,,design_drawing,,,stage_3,,"Stage 3 Electrical Developed Design Drawing",LOW-RISK FILL,"lifecycleStage inferred from the same 'Developed Design X' naming convention already used to justify engineeringWork=design across this family; matches the recommended fix on the sibling 'Design (Developed Design Report - MEP)' entry."
"Developed Design Drawing - MEP",DEVELOPER_APPROVED,mechanical,,plant_room,,design,,design_drawing,,,stage_3,,"Stage 3 MEP Developed Design Drawing",LOW-RISK FILL,"Same sibling-consistency inference as Developed Design Drawing - Electrical."
"Developed Design Schedule - Electrical",DEVELOPER_MODIFIED,electrical,,electrical_systems,,design,,schedule,,,stage_3,,"Stage 3 Electrical Developed Design Schedule",LOW-RISK FILL,"Same family; reviewer already corrected engineeringWork to design for this exact reason but did not extend the fix to lifecycleStage."
"Developed Design Schedule - Mechanical",DEVELOPER_MODIFIED,mechanical,,mechanical_systems,,design,,schedule,,,stage_3,,"Stage 3 Mechanical Developed Design Schedule",LOW-RISK FILL,"Same as Developed Design Schedule - Electrical."
"Developed Design Schematics - Electrical",DEVELOPER_MODIFIED,electrical,,electrical_systems,,design,,drawing,,,stage_3,"(already has aliases)",,LOW-RISK FILL,"Same family-consistency fix; aliases already present."
"Drainage",DEVELOPER_MODIFIED,public_health,,drainage,,coordination,,milestone,,stage_3,,,"GET Drainage Milestone",LOW-RISK FILL,"Alias only; own activity is a drainage-specific receipt/confirmation gateway."
"Due Diligence",DEVELOPER_MODIFIED,project_management,,project_management,,review,,report,,stage_3,,"(already has aliases)",,NO CHANGE,"Fully specified."
"Enabling Works",DEVELOPER_MODIFIED,project_management,,project_management,,milestone,,milestone,,stage_3,,,"EW Information Receipt",LOW-RISK FILL,"Alias only."
"Equipment Specifications",DEVELOPER_MODIFIED,project_management,,project_management,,design,,specification,,stage_3,,,"Imaging Equipment Specification",LOW-RISK FILL,"Alias only; own activity is 'GET Imaging Equipment Specifications'."
"External Finishes Works",DEVELOPER_MODIFIED,,architecture,,walls,detailing,,design_drawing,,stage_3,,,"External Envelope Finishes Works",NEEDS YOUR CALL,"Prior reviewer's note claims 'no confirmed architectural discipline id exists' - that is incorrect; 'architecture' is a real taxonomy discipline id. Recommend correcting discipline to architecture. Object is a closer call: real evidence is plan drawings/typical details for external finishes, 'walls' is the best partial fit among existing object ids but not a precise match - flagging rather than asserting it."
"GI",DEVELOPER_MODIFIED,project_management,,project_management,,milestone,,milestone,,stage_3,,"(already has aliases)",,NO CHANGE,"Fully specified."
"MMD/Client Programme Alignment - Prolongation",DEVELOPER_MODIFIED,project_management,,project_management,,coordination,,programme,,stage_3,,"(already has aliases)",,NO CHANGE,"Fully specified."
"Model Development (Level 7)",DEVELOPER_MODIFIED,structural,,,,general_arrangement,,drawing,,stage_3,,"(already has aliases)",,NO CHANGE,"No evidence pins this to one object; consistent with the sibling 'Model/Drawing Development (Structural Design)' entry, which documents that this WBS spans core/walls/columns. Leaving null is likely correct, not a gap."
"Model Drawing/Development (foundations)",DEVELOPER_APPROVED,structural,,foundations,,general_arrangement,,general_arrangement,,stage_3,,"(already has aliases)",,NO CHANGE,"Fully specified."
"Model/Drawing Development (Structural Design)",DEVELOPER_APPROVED,structural,,,,design,,drawing,,stage_3,,,"Structural Model Development",LOW-RISK FILL,"Object explicitly and correctly left null per reviewer's own note: 'own neighbours span core, walls, and columns under this WBS, not one object.' Alias only addition."
"Model/Drawing Development (drainage)",DEVELOPER_APPROVED,public_health,,drainage,,design,,design_drawing,,stage_3,,,"Drainage Model Development",LOW-RISK FILL,"Alias only - this is the fully-specified sibling that originally exposed the Detailed Design (drainage) gap."
"New Design Drawing - Public Health",DEVELOPER_APPROVED,public_health,,drainage,,detailing,,design_drawing,,,stage_3,,"Developed Design Drawing - Public Health",NEEDS YOUR CALL,"lifecycleStage inferred by analogy to the Developed Design Drawing family, but this entry's own record has no direct RIBA-stage evidence - flagging as medium-confidence rather than asserting it outright."
"New Design Report - Acoustics",DEVELOPER_MODIFIED,acoustics,,acoustics,,design,,report,,,,"(already has aliases)",,NEEDS YOUR CALL,"Own evidence says 'RIBA Stage Acoustic Strategy Report' but does not name which stage number. Cannot responsibly guess a specific stage id without more context - recommend you confirm the actual RIBA stage or leave null."
"New Design Report - Fire Safety Engineering",DEVELOPER_MODIFIED,fire_engineering,,fire_safety,,design,,report,,,,"(already has aliases)",,NEEDS YOUR CALL,"Same issue as New Design Report - Acoustics: evidence says 'RIBA Stage Fire Strategy Report' without a stage number."
"New Technical Note - Acoustics",DEVELOPER_APPROVED,acoustics,,acoustics,,analysis,,technical_note,,,,,"Acoustics Technical Note",LOW-RISK FILL,"lifecycleStage has no supporting evidence in this record - Technical Notes are typically not tied to one RIBA stage, so leaving null is likely correct. Alias added."
"Partitions",DEVELOPER_MODIFIED,structural,,steelwork,,detailing,,drawing,,stage_3,,,"Secondary Steelwork - Partitions Drawings",LOW-RISK FILL,"Alias only."
"Report - Sustainability - BREEAM",DEVELOPER_MODIFIED,sustainability,,,,calculation,,report,,,,"(already has aliases)",,TAXONOMY GAP,"No engineeringObject id exists for sustainability-report scope in ENGINEERING_OBJECT_RULES. lifecycleStage has no supporting evidence either. Both nulls are correct under the current vocabulary."
"Report - Sustainability - Environment / Sustainability",DEVELOPER_MODIFIED,sustainability,,,,modelling,,report,,,,"(already has aliases)",,TAXONOMY GAP,"Same as Report - Sustainability - BREEAM."
"Report - Sustainability - Net Zero Carbon",DEVELOPER_MODIFIED,sustainability,,,,calculation,,report,,,,"(already has aliases)",,TAXONOMY GAP,"Same as Report - Sustainability - BREEAM."
"Retired Activities",DEVELOPER_MODIFIED,structural,,link_bridge,,design,,general_arrangement,,stage_3,,,"Link Structure GA Drawings (Retired)",LOW-RISK FILL,"Alias only; well-evidenced from 12 related activities including a full GA-drawing production-and-approval cycle."
"Structural Design",DEVELOPER_APPROVED,structural,,,,design,,,,stage_3,,,"CP Drawings Issue",NO CHANGE,"Object and deliverableType explicitly documented as a WBS-level rollup ('CP Drawings Issue spans the whole Structural Design scope; no single object applies') - correctly left null. Alias added."
"Updated Technical Note - Electrical",DEVELOPER_APPROVED,electrical,,electrical_systems,,technical_note,,technical_note,,,,,"Electrical Technical Note",LOW-RISK FILL,"lifecycleStage has no supporting evidence - Technical Notes aren't tied to one stage. Alias added."
"Updated Technical Note - MEP",DEVELOPER_APPROVED,mechanical,,mechanical_systems,,technical_note,,technical_note,,,,,"MEP Technical Note",LOW-RISK FILL,"Same as Updated Technical Note - Electrical."
"Updated Technical Note - Public Health",DEVELOPER_APPROVED,public_health,,public_health_system,,technical_note,,technical_note,,,,,"Public Health Technical Note; PHE Technical Note",LOW-RISK FILL,"Same as Updated Technical Note - Electrical; aliases reuse the exact known-variant names already documented for this concept elsewhere in the codebase's diagnostics probe list."
"VI-019 Desktop Study - Link Bridge Foundations",DEVELOPER_MODIFIED,structural,,foundations,,analysis,,assessment,,stage_3,,"(already has aliases)",,NO CHANGE,"Fully specified."
"VI-027 - Inclusion of Paeds Link",REJECTED,,,,,,,,,,,,,NO ACTION,"Intentionally REJECTED - this scope was explicitly abandoned ('GET - Notification from WD not to continue'). Leaving every field null is the correct, deliberate signal; do not fill."
"VI-045 - Generator Compound",DEVELOPER_MODIFIED,structural,,foundations,,design,,milestone,,stage_3,,"(already has aliases)",,NO CHANGE,"Fully specified."
"VI-046 Link Bridge Surveys",DEVELOPER_MODIFIED,structural,,link_bridge,,inspection,,survey,,stage_3,,"(already has aliases)",,NO CHANGE,"Fully specified."
"VI-061 Confirmation of Link Bridge 'Option 2' as preferred design solution",DEVELOPER_MODIFIED,structural,,link_bridge,,design,,milestone,,stage_3,,"(already has aliases)",,NO CHANGE,"Fully specified."
"[AUTO-APPROVED] Reinforcement Detailing",AUTO_APPROVED (not persisted),structural,,reinforcement,,detailing,,,drawing,stage_3,,,"Produce Reinforcement Detailing; Rebar Detailing; Reinforcement Detail Drawings",LOW-RISK FILL / NEEDS PERSIST DECISION,"Never written to the knowledge table - recomputed fresh each time. deliverableType proposed via the same Detailed-Design-family convention as the other reinforcement/steelwork entries. Aliases reuse the exact known-variant list already hardcoded for this concept elsewhere in the codebase's diagnostics probes."
"[AUTO-APPROVED] Core",AUTO_APPROVED (not persisted),structural,,core,,general_arrangement,,general_arrangement,,stage_3,,,"Core GA; Core General Arrangements",LOW-RISK FILL / NEEDS PERSIST DECISION,"Fully resolved already; alias-only addition."
"[AUTO-APPROVED] Column",AUTO_APPROVED (not persisted),structural,,columns,,detailing,,elevation,,stage_3,,,"Column Elevations",LOW-RISK FILL / NEEDS PERSIST DECISION,"Fully resolved already; alias-only addition."
"[AUTO-APPROVED] Wall",AUTO_APPROVED (not persisted),structural,,walls,,detailing,,elevation,,stage_3,,,"Wall Elevations",LOW-RISK FILL / NEEDS PERSIST DECISION,"Fully resolved already; alias-only addition."
"[AUTO-APPROVED] Link Structural",AUTO_APPROVED (not persisted),project_management,structural,link_bridge,,inspection,,survey,,stage_3,,,"Link Structure Survey; Link Bridge Survey",NEEDS YOUR CALL,"discipline=project_management only because it lives in the 'GET Milestones' fragnet, but this is the same real survey work as the persisted sibling 'VI-046 Link Bridge Surveys', which correctly has discipline=structural. Recommend correcting to structural for consistency with its own sibling."
"[AUTO-APPROVED] Primary Steelwork (plant Screen)",AUTO_APPROVED (not persisted),structural,,primary_steelwork,,detailing,,,drawing,stage_3,,,"Plant Screen Steelwork; Primary Steelwork Detailing",LOW-RISK FILL / NEEDS PERSIST DECISION,"deliverableType proposed via the same structural/steelwork/detailing/drawing convention used elsewhere (Ambulance Bay Canopy, Ceilings, Partitions)."
"[AUTO-APPROVED] Elevations",AUTO_APPROVED (not persisted),structural,,steelwork,,detailing,,elevation,,stage_3,,,"Secondary Steelwork Elevations",LOW-RISK FILL / NEEDS PERSIST DECISION,"Fully resolved already; alias-only addition."
"[AUTO-APPROVED] Additional Drainage Works",AUTO_APPROVED (not persisted),public_health,,drainage,,design,,,,stage_3,,,"Additional Drainage Design Works",NEEDS YOUR CALL,"No strong document-type signal in the evidence (matched via a generic 'Design' category fallback, not a specific drawing/report/schedule word) - same ambiguity as the other 'Additional X Works' entries. Recommend you confirm rather than guess."
"[AUTO-APPROVED] Meetings",AUTO_APPROVED (not persisted),project_management,,project_management,,meeting,,meeting,,stage_3,,,"Design Team Meetings; Coordination Meetings",LOW-RISK FILL / NEEDS PERSIST DECISION,"Fully resolved already; alias-only addition."
"[AUTO-APPROVED] Milestones",AUTO_APPROVED (not persisted),project_management,,link_bridge,,milestone,,milestone,,stage_3,,,"Programme Milestones; Key Milestones",NEEDS YOUR CALL,"engineeringObject=link_bridge is likely false precision for a generic project-wide 'Milestones' WBS bucket - it only won because one strong related-activity match ('Link Bridge Structural C01 Issue') happened to be evidenced, but 'Milestones' obviously spans many unrelated milestone types across the whole project. Recommend clearing to null, same reasoning already applied to 'Additional Structural Works' and 'Structural Design'."
"[AUTO-APPROVED] VI-052 Link Bridge Option 1 (early Structural)",AUTO_APPROVED (not persisted),structural,,link_bridge,,analysis,,analysis,,stage_3,,,"VI-052; Link Bridge Option 1 Early Structural Analysis",LOW-RISK FILL / NEEDS PERSIST DECISION,"Fully resolved already; alias-only addition."
"[AUTO-APPROVED] Fire Safety Engineering",AUTO_APPROVED (not persisted),fire_engineering,,fire_safety,,technical_note,,technical_note,,,,,"Fire Safety Technical Note; FSE Technical Note",LOW-RISK FILL / NEEDS PERSIST DECISION,"lifecycleStage has no supporting evidence - Technical Notes aren't tied to one stage, consistent with the other Technical Note entries in the main batch. Recommend leaving null."
"[AUTO-APPROVED] 3d",AUTO_APPROVED (not persisted),mechanical,,plant_room,,modelling,,model,,,stage_3,,"3D Model - MEP; MEP Coordination Model",LOW-RISK FILL / NEEDS PERSIST DECISION,"lifecycleStage proposed as stage_3 - directly evidenced by its own related activity name, 'Developed Design Revit Model - Main Hospital Interstitial Plant Rooms'."
