Concept,Status,Discipline,Object,Work,DeliverableType,LifecycleStage,Aliases,Changed Fields,Rationale
"Additional Engineering Management Works",DEVELOPER_MODIFIED,project_management,project_management,coordination,assessment,stage_3,"EW-001 Engineering Management Works",deliverableType; aliases,"Own activities: Hazard Log + Class 3 Risk Assessment + BWIC coordination. 'assessment' is the closest single canonical id for this cluster."
"Additional Ground Investigation",DEVELOPER_MODIFIED,ground_investigation,ground_investigation,inspection,report,stage_3,"Ground Investigation Report; GIR",engineeringObject,"No object id for ground-investigation scope existed in the taxonomy - added a new 'ground_investigation' object to engineeringVocabulary.data.ts (ENGINEERING_OBJECT_RULES) so this is a real, valid id rather than an invented string."
"Additional Structural Works",DEVELOPER_MODIFIED,structural,link_bridge,coordination,assessment,stage_3,"EW-001 Structural Change Coordination",engineeringObject; deliverableType,"A prior reviewer had cleared engineeringObject to null since 6 different objects are touched (link bridge, masonry supports, cantilever screen, transfer slab, shower recess, ambulance bay). Restored link_bridge as the single best answer: of its 10 related activities, 3 concern the link structure specifically (Link Structure Surveys spec, WD foundation assessment request, MMD scoping exercise), the largest single cluster, narrowly ahead of masonry supports (2) and transfer slab (2). deliverableType=assessment reflects the foundation/scoping assessment activities."
"Ambulance Bay Canopy",DEVELOPER_MODIFIED,structural,steelwork,detailing,drawing,stage_3,"Secondary Steelwork - Ambulance Bay Canopy Drawings",aliases,"Alias only; rest already fully evidenced."
"Architectural Setting Out",DEVELOPER_MODIFIED,architecture,slabs,detailing,drawing,stage_3,"Setting Out of Upstands & Slab Edges",discipline; engineeringObject; aliases,"Was discipline=project_management/object=project_management only because the deliverable sits in the 'GET Milestones' fragnet. The real evidenced work ('Architectural Setting out of Upstands & Slab Edges') is architectural, and 'architecture' is a real taxonomy discipline id. Object set to slabs since slab edges are the named physical element."
"BWIC",DEVELOPER_MODIFIED,project_management,project_management,coordination,milestone,stage_3,"Builders Work in Connection",none,"Already fully specified and correct."
"CE-015 GL6 Foundation Alteration Feasibility",DEVELOPER_MODIFIED,structural,foundations,design,assessment,stage_3,"CE-015; GL6 Foundation Feasibility",deliverableType,"Concept name itself says 'Feasibility' - a feasibility study maps to the 'assessment' deliverableType id."
"Ceilings",DEVELOPER_MODIFIED,structural,steelwork,detailing,drawing,stage_3,"Theatre Ceilings",none,"Already fully specified and correct."
"Contract Award",DEVELOPER_MODIFIED,project_management,project_management,milestone,milestone,stage_3,"Contract Award Confirmation",none,"Already fully specified and correct."
"Design (Developed Design Report - MEP)",DEVELOPER_MODIFIED,mechanical,mechanical_systems,design,report,stage_3,"developed design report; mep report; riba stage report; design report; stage report; building services report",lifecycleStage,"Was 'developed_design', which is not a real taxonomy lifecycleStage id. Corrected to stage_3 for consistency with how 'Detailed Design' maps and with the Developed Design Drawing/Schedule/Schematics family below."
"Design Schematics (New Design Schematics - Mechanical)",DEVELOPER_MODIFIED,mechanical,mechanical_systems,design,drawing,stage_2,"mep schematics; building services schematics; schematic design; concept design; concept drawings; mep design schematics",none,"Already fully specified and correct."
"Detailed Design (core)",DEVELOPER_MODIFIED,structural,core,design,drawing,stage_3,"Detailed Design - Core",deliverableType; aliases,"deliverableType matched to the sibling 'Detailed Design (steelwork)' entry, which already carries drawing for the same naming family."
"Detailed Design (drainage)",DEVELOPER_MODIFIED,civil,drainage,design,drawing,stage_3,"Detailed Design - Drainage",deliverableType; aliases,"Same sibling-consistency fill as Detailed Design (core)."
"Detailed Design (foundations)",DEVELOPER_MODIFIED,structural,foundations,design,drawing,stage_3,"Detailed Design - Foundations",deliverableType; aliases,"Same sibling-consistency fill as Detailed Design (core)."
"Detailed Design (link bridge)",DEVELOPER_MODIFIED,structural,link_bridge,design,drawing,stage_3,"Detailed Design - Link Bridge",deliverableType; aliases,"Same sibling-consistency fill as Detailed Design (core)."
"Detailed Design (slabs, Level 9)",DEVELOPER_MODIFIED,structural,slabs,design,drawing,stage_3,"Slab Design; Slab Analysis; Detailed Slab Design; Concrete Slab Design; Floor Slab Design",deliverableType,"Same sibling-consistency fill as Detailed Design (core); aliases were already present."
"Detailed Design (steelwork)",DEVELOPER_MODIFIED,structural,steelwork,design,drawing,stage_3,"Secondary Steelwork Design Package",none,"Already fully specified - the reference sibling used to fill the rest of the Detailed Design family."
"Detailed Design (walls/slabs, Level 7)",DEVELOPER_MODIFIED,structural,slabs,design,drawing,stage_3,"Level 7 Detailed Design",deliverableType,"Same sibling-consistency fill as Detailed Design (core); aliases were already present."
"Developed Design Drawing - Electrical",DEVELOPER_APPROVED,electrical,electrical_systems,design,design_drawing,stage_3,"Stage 3 Electrical Developed Design Drawing",lifecycleStage; aliases,"lifecycleStage set to stage_3, matching the fix applied across the whole 'Developed Design X' family for consistency."
"Developed Design Drawing - MEP",DEVELOPER_APPROVED,mechanical,plant_room,design,design_drawing,stage_3,"Stage 3 MEP Developed Design Drawing",lifecycleStage; aliases,"Same family-consistency fill as Developed Design Drawing - Electrical."
"Developed Design Schedule - Electrical",DEVELOPER_MODIFIED,electrical,electrical_systems,design,schedule,stage_3,"Stage 3 Electrical Developed Design Schedule",lifecycleStage; aliases,"Same family-consistency fill; a prior reviewer already corrected engineeringWork for this exact reason but didn't extend it to lifecycleStage."
"Developed Design Schedule - Mechanical",DEVELOPER_MODIFIED,mechanical,mechanical_systems,design,schedule,stage_3,"Stage 3 Mechanical Developed Design Schedule",lifecycleStage; aliases,"Same as Developed Design Schedule - Electrical."
"Developed Design Schematics - Electrical",DEVELOPER_MODIFIED,electrical,electrical_systems,design,drawing,stage_3,"Electrical Design Schematics",lifecycleStage,"Same family-consistency fill; aliases were already present."
"Drainage",DEVELOPER_MODIFIED,public_health,drainage,coordination,milestone,stage_3,"GET Drainage Milestone",aliases,"Alias only; rest already fully evidenced."
"Due Diligence",DEVELOPER_MODIFIED,project_management,project_management,review,report,stage_3,"DD Review",none,"Already fully specified and correct."
"Enabling Works",DEVELOPER_MODIFIED,project_management,project_management,milestone,milestone,stage_3,"EW Information Receipt",aliases,"Alias only; rest already fully evidenced."
"Equipment Specifications",DEVELOPER_MODIFIED,project_management,project_management,design,specification,stage_3,"Imaging Equipment Specification",aliases,"Alias only; rest already fully evidenced."
"External Finishes Works",DEVELOPER_MODIFIED,architecture,walls,detailing,design_drawing,stage_3,"External Envelope Finishes Works",discipline; engineeringObject; aliases,"A prior reviewer's note claimed no architectural discipline id exists - that was incorrect; 'architecture' is a real taxonomy discipline id. Object set to walls as the best-fit existing id for external envelope finishes."
"GI",DEVELOPER_MODIFIED,project_management,project_management,milestone,milestone,stage_3,"Ground Investigation Milestone",none,"Already fully specified and correct."
"MMD/Client Programme Alignment - Prolongation",DEVELOPER_MODIFIED,project_management,project_management,coordination,programme,stage_3,"Programme Prolongation",none,"Already fully specified and correct."
"Model Development (Level 7)",DEVELOPER_MODIFIED,structural,core,general_arrangement,drawing,stage_3,"Model Development; Drawing Development; Model/Drawing Development; General Arrangement; General Arrangement Drawings; GA Drawings; GA Development",engineeringObject,"Object set to core as the single representative value; this WBS's own record documents that it spans core/walls/columns, so core is the best available single answer rather than leaving it blank."
"Model Drawing/Development (foundations)",DEVELOPER_APPROVED,structural,foundations,general_arrangement,general_arrangement,stage_3,"Model/Drawing Development",none,"Already fully specified and correct."
"Model/Drawing Development (Structural Design)",DEVELOPER_APPROVED,structural,core,design,drawing,stage_3,"Structural Model Development",engineeringObject; aliases,"Object set to core for the same reason as Model Development (Level 7) - this WBS explicitly spans core/walls/columns, core is the single best representative value."
"Model/Drawing Development (drainage)",DEVELOPER_APPROVED,public_health,drainage,design,design_drawing,stage_3,"Drainage Model Development",aliases,"Alias only; rest already fully evidenced. This is the sibling that originally exposed the Detailed Design (drainage) gap."
"New Design Drawing - Public Health",DEVELOPER_APPROVED,public_health,drainage,detailing,design_drawing,stage_3,"Developed Design Drawing - Public Health",lifecycleStage; aliases,"lifecycleStage set to stage_3 by analogy to the Developed Design Drawing family naming convention."
"New Design Report - Acoustics",DEVELOPER_MODIFIED,acoustics,acoustics,design,report,stage_3,"RIBA Stage Acoustic Strategy Report",lifecycleStage,"Own evidence says 'RIBA Stage Acoustic Strategy Report' without naming the stage number; set to stage_3 to match this dataset's dominant working-stage convention used everywhere else."
"New Design Report - Fire Safety Engineering",DEVELOPER_MODIFIED,fire_engineering,fire_safety,design,report,stage_3,"RIBA Stage Fire Strategy Report",lifecycleStage,"Same reasoning as New Design Report - Acoustics."
"New Technical Note - Acoustics",DEVELOPER_APPROVED,acoustics,acoustics,analysis,technical_note,stage_3,"Acoustics Technical Note",lifecycleStage; aliases,"No stage evidence in the record; set to stage_3 as the dataset's dominant default rather than leaving blank."
"Partitions",DEVELOPER_MODIFIED,structural,steelwork,detailing,drawing,stage_3,"Secondary Steelwork - Partitions Drawings",aliases,"Alias only; rest already fully evidenced."
"Report - Sustainability - BREEAM",DEVELOPER_MODIFIED,sustainability,sustainability_assessment,calculation,report,stage_3,"BREEAM Stage 3 Summary Report",engineeringObject; lifecycleStage,"No object id for sustainability-report scope existed - added a new 'sustainability_assessment' object to the taxonomy. lifecycleStage set to stage_3 (dataset default; own alias literally says 'Stage 3 Summary Report')."
"Report - Sustainability - Environment / Sustainability",DEVELOPER_MODIFIED,sustainability,sustainability_assessment,modelling,report,stage_3,"TM-54 Report",engineeringObject; lifecycleStage,"Same taxonomy fix as the BREEAM entry; lifecycleStage set to stage_3 as the dataset default."
"Report - Sustainability - Net Zero Carbon",DEVELOPER_MODIFIED,sustainability,sustainability_assessment,calculation,report,stage_3,"NZC Report",engineeringObject; lifecycleStage,"Same taxonomy fix as the BREEAM entry; lifecycleStage set to stage_3 as the dataset default."
"Retired Activities",DEVELOPER_MODIFIED,structural,link_bridge,design,general_arrangement,stage_3,"Link Structure GA Drawings (Retired)",aliases,"Alias only; well-evidenced from 12 related activities including a full GA-drawing production-and-approval cycle."
"Structural Design",DEVELOPER_APPROVED,structural,core,design,general_arrangement,stage_3,"CP Drawings Issue",engineeringObject; deliverableType; aliases,"Own record documents this as a WBS-level rollup ('CP Drawings Issue' spans the whole scope). Object set to core and deliverableType to general_arrangement as the single best representative values rather than leaving blank."
"Updated Technical Note - Electrical",DEVELOPER_APPROVED,electrical,electrical_systems,technical_note,technical_note,stage_3,"Electrical Technical Note",lifecycleStage; aliases,"No stage evidence; set to stage_3 as the dataset default."
"Updated Technical Note - MEP",DEVELOPER_APPROVED,mechanical,mechanical_systems,technical_note,technical_note,stage_3,"MEP Technical Note",lifecycleStage; aliases,"Same as Updated Technical Note - Electrical."
"Updated Technical Note - Public Health",DEVELOPER_APPROVED,public_health,public_health_system,technical_note,technical_note,stage_3,"Public Health Technical Note; PHE Technical Note",lifecycleStage; aliases,"Same as Updated Technical Note - Electrical; aliases reuse the exact known-variant names already documented for this concept elsewhere in the codebase."
"VI-019 Desktop Study - Link Bridge Foundations",DEVELOPER_MODIFIED,structural,foundations,analysis,assessment,stage_3,"VI-019",none,"Already fully specified and correct."
"VI-027 - Inclusion of Paeds Link",REJECTED,(intentionally blank),(intentionally blank),(intentionally blank),(intentionally blank),(intentionally blank),(intentionally blank),none - do not fill,"Deliberately REJECTED: this scope was explicitly abandoned ('GET - Notification from WD not to continue'). Every field is null on purpose, to signal 'do not trust this pattern' - filling it would teach the Brain a pattern for work that never happened. This is the one row that should stay empty."
"VI-045 - Generator Compound",DEVELOPER_MODIFIED,structural,foundations,design,milestone,stage_3,"VI-045; Generator Compound",none,"Already fully specified and correct."
"VI-046 Link Bridge Surveys",DEVELOPER_MODIFIED,structural,link_bridge,inspection,survey,stage_3,"VI-046",none,"Already fully specified and correct."
"VI-061 Confirmation of Link Bridge 'Option 2' as preferred design solution",DEVELOPER_MODIFIED,structural,link_bridge,design,milestone,stage_3,"VI-061",none,"Already fully specified and correct."
"[NEW] Reinforcement Detailing",NEW - to be persisted as DEVELOPER_APPROVED,structural,reinforcement,detailing,drawing,stage_3,"Produce Reinforcement Detailing; Rebar Detailing; Reinforcement Detail Drawings",deliverableType; aliases; PERSIST AS NEW ROW,"Was auto-approved only (never in the database - recomputed fresh each time). Being written as a real row so it's as complete and inspectable as the other 51. deliverableType and aliases filled; aliases reuse the exact known-variant list already hardcoded for this concept elsewhere in the codebase."
"[NEW] Core",NEW - to be persisted as DEVELOPER_APPROVED,structural,core,general_arrangement,general_arrangement,stage_3,"Core GA; Core General Arrangements",aliases; PERSIST AS NEW ROW,"Was auto-approved only; already fully resolved, alias-only addition."
"[NEW] Column",NEW - to be persisted as DEVELOPER_APPROVED,structural,columns,detailing,elevation,stage_3,"Column Elevations",aliases; PERSIST AS NEW ROW,"Was auto-approved only; already fully resolved, alias-only addition."
"[NEW] Wall",NEW - to be persisted as DEVELOPER_APPROVED,structural,walls,detailing,elevation,stage_3,"Wall Elevations",aliases; PERSIST AS NEW ROW,"Was auto-approved only; already fully resolved, alias-only addition."
"[NEW] Link Structural",NEW - to be persisted as DEVELOPER_APPROVED,structural,link_bridge,inspection,survey,stage_3,"Link Structure Survey; Link Bridge Survey",discipline; aliases; PERSIST AS NEW ROW,"Was auto-approved with discipline=project_management only because it lives in the 'GET Milestones' fragnet - but it's the same real survey work as the persisted sibling 'VI-046 Link Bridge Surveys', which correctly has discipline=structural. Corrected for consistency with its own sibling."
"[NEW] Primary Steelwork (plant Screen)",NEW - to be persisted as DEVELOPER_APPROVED,structural,primary_steelwork,detailing,drawing,stage_3,"Plant Screen Steelwork; Primary Steelwork Detailing",deliverableType; aliases; PERSIST AS NEW ROW,"Was auto-approved only. deliverableType set via the same structural/steelwork/detailing/drawing convention used elsewhere (Ambulance Bay Canopy, Ceilings, Partitions)."
"[NEW] Elevations",NEW - to be persisted as DEVELOPER_APPROVED,structural,steelwork,detailing,elevation,stage_3,"Secondary Steelwork Elevations",aliases; PERSIST AS NEW ROW,"Was auto-approved only; already fully resolved, alias-only addition."
"[NEW] Additional Drainage Works",NEW - to be persisted as DEVELOPER_APPROVED,public_health,drainage,design,report,stage_3,"Additional Drainage Design Works",deliverableType; aliases; PERSIST AS NEW ROW,"Was auto-approved only. deliverableType set to report as the best available default (no strong document-type word in the evidence, same ambiguity as the other 'Additional X Works' entries in the main batch)."
"[NEW] Meetings",NEW - to be persisted as DEVELOPER_APPROVED,project_management,project_management,meeting,meeting,stage_3,"Design Team Meetings; Coordination Meetings",aliases; PERSIST AS NEW ROW,"Was auto-approved only; already fully resolved, alias-only addition."
"[NEW] Milestones",NEW - to be persisted as DEVELOPER_APPROVED,project_management,project_management,milestone,milestone,stage_3,"Programme Milestones; Key Milestones",engineeringObject; aliases; PERSIST AS NEW ROW,"Was auto-approved with engineeringObject=link_bridge, which is false precision for a project-wide 'Milestones' bucket - it only won because one strong related-activity match happened to be evidenced. Corrected to project_management, matching every other generic PM/milestone concept in this exact dataset (Contract Award, BWIC, GI, Enabling Works, Meetings all use object=project_management)."
"[NEW] VI-052 Link Bridge Option 1 (early Structural)",NEW - to be persisted as DEVELOPER_APPROVED,structural,link_bridge,analysis,analysis,stage_3,"VI-052; Link Bridge Option 1 Early Structural Analysis",aliases; PERSIST AS NEW ROW,"Was auto-approved only; already fully resolved, alias-only addition."
"[NEW] Fire Safety Engineering",NEW - to be persisted as DEVELOPER_APPROVED,fire_engineering,fire_safety,technical_note,technical_note,stage_3,"Fire Safety Technical Note; FSE Technical Note",lifecycleStage; aliases; PERSIST AS NEW ROW,"Was auto-approved only. No stage evidence; set to stage_3 as the dataset default, consistent with the other Technical Note entries."
"[NEW] 3d",NEW - to be persisted as DEVELOPER_APPROVED,mechanical,plant_room,modelling,model,stage_3,"3D Model - MEP; MEP Coordination Model",lifecycleStage; aliases; PERSIST AS NEW ROW,"Was auto-approved only. lifecycleStage set to stage_3, directly evidenced by its own related activity name, 'Developed Design Revit Model - Main Hospital Interstitial Plant Rooms'."
